{"cameraMode":{"drawMode":0,"name":"Shaded","section":"Shading Mode"},"sceneLighting":true,"audioPlay":false,"sceneViewState":{"m_AlwaysRefresh":false,"showFog":true,"showSkybox":true,"showFlares":true,"showImageEffects":true,"showParticleSystems":true,"showVisualEffectGraphs":true,"m_FxEnabled":true},"in2DMode":false,"pivot":{"x":0.0863625779747963,"y":0.28108081221580508,"z":-0.6205160617828369},"rotation":{"x":0.06443549692630768,"y":-0.02544589340686798,"z":0.001636942382901907,"w":0.9976145029067993},"size":0.5285811424255371,"orthographic":true}